,Country,Year,Value
0,Australia,1990,420315.323
1,Australia,1991,421381.463
2,Australia,1992,425702.483
3,Australia,1993,426232.23
4,Australia,1994,426304.968
5,Australia,1995,434912.951
6,Australia,1996,442506.139
7,Australia,1997,454629.299
8,Australia,1998,468405.894
9,Australia,1999,474027.428
10,Australia,2000,485018.616
11,Australia,2001,492461.681
12,Australia,2002,496318.641
13,Australia,2003,498118.962
14,Australia,2004,515931.287
15,Australia,2005,521801.01
16,Australia,2006,526437.29
17,Australia,2007,533138.415
18,Australia,2008,537031.992
19,Australia,2009,540913.37
20,Australia,2010,537275.249
21,Australia,2011,538280.611
22,Australia,2012,540615.865
23,Australia,2013,530433.519
24,Australia,2014,524957.101
25,Australia,2015,535173.674
26,Australia,2016,546771.76
27,Australia,2017,554126.561
252,Austria,1990,78670.344
253,Austria,1991,82349.314
254,Austria,1992,75750.433
255,Austria,1993,75932.297
256,Austria,1994,76206.72
257,Austria,1995,79584.034
258,Austria,1996,82874.665
259,Austria,1997,82405.08
260,Austria,1998,81702.155
261,Austria,1999,80105.179
262,Austria,2000,80414.98
263,Austria,2001,84324.341
264,Austria,2002,86110.742
265,Austria,2003,91788.393
266,Austria,2004,91382.837
267,Austria,2005,92566.556
268,Austria,2006,90117.311
269,Austria,2007,87472.735
270,Austria,2008,86816.181
271,Austria,2009,80328.502
272,Austria,2010,84753.257
273,Austria,2011,82460.3
274,Austria,2012,79811.325
275,Austria,2013,80352.532
276,Austria,2014,76679.763
277,Austria,2015,78897.253
278,Austria,2016,79596.112
279,Austria,2017,82261.468
504,Belgium,1990,146586.607
505,Belgium,1991,149323.542
506,Belgium,1992,148920.398
507,Belgium,1993,147890.397
508,Belgium,1994,152522.825
509,Belgium,1995,154665.231
510,Belgium,1996,158303.405
511,Belgium,1997,149781.669
512,Belgium,1998,154956.898
513,Belgium,1999,148644.594
514,Belgium,2000,149729.922
515,Belgium,2001,148131.89
516,Belgium,2002,147567.284
517,Belgium,2003,147932.269
518,Belgium,2004,149230.634
519,Belgium,2005,145283.842
520,Belgium,2006,142660.424
521,Belgium,2007,138960.92
522,Belgium,2008,138827.782
523,Belgium,2009,126262.687
524,Belgium,2010,132921.986
525,Belgium,2011,122198.356
526,Belgium,2012,119372.665
527,Belgium,2013,119304.384
528,Belgium,2014,113505.967
529,Belgium,2015,117122.085
530,Belgium,2016,115783.177
531,Belgium,2017,114539.902
754,Canada,1990,602184.441
755,Canada,1991,593402.355
756,Canada,1992,610440.864
757,Canada,1993,612264.416
758,Canada,1994,633675.452
759,Canada,1995,651011.018
760,Canada,1996,672053.099
761,Canada,1997,686988.022
762,Canada,1998,694531.394
763,Canada,1999,707376.015
764,Canada,2000,730587.602
765,Canada,2001,719733.428
766,Canada,2002,724348.553
767,Canada,2003,741002.788
768,Canada,2004,742971.644
769,Canada,2005,730349.476
770,Canada,2006,721444.528
771,Canada,2007,743766.91
772,Canada,2008,723225.103
773,Canada,2009,681699.295
774,Canada,2010,692618.853
775,Canada,2011,703378.949
776,Canada,2012,711023.233
777,Canada,2013,722062.808
778,Canada,2014,723090.986
779,Canada,2015,721992.084
780,Canada,2016,707727.166
781,Canada,2017,715749.232
1004,Czech Republic,1990,197392.704
1005,Czech Republic,1991,179181.863
1006,Czech Republic,1992,172686.942
1007,Czech Republic,1993,165018.182
1008,Czech Republic,1994,157517.67
1009,Czech Republic,1995,156717.543
1010,Czech Republic,1996,159770.065
1011,Czech Republic,1997,155160.049
1012,Czech Republic,1998,148998.236
1013,Czech Republic,1999,139448.478
1014,Czech Republic,2000,149333.52
1015,Czech Republic,2001,149096.973
1016,Czech Republic,2002,145505.518
1017,Czech Republic,2003,148758.854
1018,Czech Republic,2004,149624.671
1019,Czech Republic,2005,147494.144
1020,Czech Republic,2006,148598.758
1021,Czech Republic,2007,150336.765
1022,Czech Republic,2008,145614.293
1023,Czech Republic,2009,137214.519
1024,Czech Republic,2010,139733.691
1025,Czech Republic,2011,137753.144
1026,Czech Republic,2012,133697.715
1027,Czech Republic,2013,128691.099
1028,Czech Republic,2014,126758.462
1029,Czech Republic,2015,127777.826
1030,Czech Republic,2016,129756.684
1031,Czech Republic,2017,128675.047
1246,Denmark,1990,70515.436
1247,Denmark,1991,81145.743
1248,Denmark,1992,75165.471
1249,Denmark,1993,77370.351
1250,Denmark,1994,81266.928
1251,Denmark,1995,78332.122
1252,Denmark,1996,91499.911
1253,Denmark,1997,82058.459
1254,Denmark,1998,78076.833
1255,Denmark,1999,75672.133
1256,Denmark,2000,71367.589
1257,Denmark,2001,73066.247
1258,Denmark,2002,72590.383
1259,Denmark,2003,77644.968
1260,Denmark,2004,71510.993
1261,Denmark,2005,67090.868
1262,Denmark,2006,74858.973
1263,Denmark,2007,70293.314
1264,Denmark,2008,66656.531
1265,Denmark,2009,63875.914
1266,Denmark,2010,64178.39
1267,Denmark,2011,58946.94
1268,Denmark,2012,54334.566
1269,Denmark,2013,56021.366
1270,Denmark,2014,51870.799
1271,Denmark,2015,49253.853
1272,Denmark,2016,51297.737
1273,Denmark,2017,49225.641
1492,Finland,1990,71133.009
1493,Finland,1991,68905.031
1494,Finland,1992,67468.049
1495,Finland,1993,69727.633
1496,Finland,1994,75345.913
1497,Finland,1995,71788.159
1498,Finland,1996,77674.764
1499,Finland,1997,76255.504
1500,Finland,1998,72566.205
1501,Finland,1999,71981.474
1502,Finland,2000,70129.822
1503,Finland,2001,75490.3
1504,Finland,2002,77946.671
1505,Finland,2003,85531.912
1506,Finland,2004,81841.153
1507,Finland,2005,69812.897
1508,Finland,2006,81174.185
1509,Finland,2007,79513.286
1510,Finland,2008,71399.309
1511,Finland,2009,67804.042
1512,Finland,2010,75626.967
1513,Finland,2011,67805.301
1514,Finland,2012,62415.207
1515,Finland,2013,62893.828
1516,Finland,2014,58733.067
1517,Finland,2015,55122.852
1518,Finland,2016,58044.309
1519,Finland,2017,55334.134
1744,France,1990,551048.691
1745,France,1991,578336.07
1746,France,1992,566696.931
1747,France,1993,545037.068
1748,France,1994,538663.614
1749,France,1995,546758.333
1750,France,1996,564086.619
1751,France,1997,556744.446
1752,France,1998,570618.929
1753,France,1999,562660.842
1754,France,2000,556370.453
1755,France,2001,561354.832
1756,France,2002,554879.239
1757,France,2003,559543.624
1758,France,2004,557794.011
1759,France,2005,559498.925
1760,France,2006,547093.229
1761,France,2007,536947.728
1762,France,2008,530315.424
1763,France,2009,510350.606
1764,France,2010,517115.54
1765,France,2011,491009.447
1766,France,2012,490856.472
1767,France,2013,491141.064
1768,France,2014,461479.202
1769,France,2015,466384.615
1770,France,2016,467622.112
1771,France,2017,471028.185
1996,Germany,1990,1250992.609
1997,Germany,1991,1203924.492
1998,Germany,1992,1153796.499
1999,Germany,1993,1144856.754
2000,Germany,1994,1125835.195
2001,Germany,1995,1123034.586
2002,Germany,1996,1141084.766
2003,Germany,1997,1106000.522
2004,Germany,1998,1080728.823
2005,Germany,1999,1047033.512
2006,Germany,2000,1045187.434
2007,Germany,2001,1060271.286
2008,Germany,2002,1038919.731
2009,Germany,2003,1035574.182
2010,Germany,2004,1019123.5
2011,Germany,2005,993343.677
2012,Germany,2006,1000637.861
2013,Germany,2007,973941.704
2014,Germany,2008,975645.902
2015,Germany,2009,908054.023
2016,Germany,2010,942541.887
2017,Germany,2011,920305.852
2018,Germany,2012,924611.396
2019,Germany,2013,942250.052
2020,Germany,2014,903196.414
2021,Germany,2015,907190.482
2022,Germany,2016,911049.006
2023,Germany,2017,906611.464
2247,Greece,1990,103101.313
2248,Greece,1991,103172.44
2249,Greece,1992,104423.089
2250,Greece,1993,104013.095
2251,Greece,1994,106804.211
2252,Greece,1995,109155.968
2253,Greece,1996,112302.557
2254,Greece,1997,117213.485
2255,Greece,1998,122812.01
2256,Greece,1999,122983.42
2257,Greece,2000,126346.422
2258,Greece,2001,127398.953
2259,Greece,2002,127395.403
2260,Greece,2003,131131.716
2261,Greece,2004,131814.31
2262,Greece,2005,136281.248
2263,Greece,2006,132390.972
2264,Greece,2007,134996.582
2265,Greece,2008,131716.461
2266,Greece,2009,124534.99
2267,Greece,2010,118436.486
2268,Greece,2011,115453.96
2269,Greece,2012,112146.281
2270,Greece,2013,102546.572
2271,Greece,2014,99113.106
2272,Greece,2015,95330.374
2273,Greece,2016,91697.733
2274,Greece,2017,95420.782
2499,Hungary,1990,93655.926
2500,Hungary,1991,86996.934
2501,Hungary,1992,76993.735
2502,Hungary,1993,77860.249
2503,Hungary,1994,76733.492
2504,Hungary,1995,75319.561
2505,Hungary,1996,77621.209
2506,Hungary,1997,76126.024
2507,Hungary,1998,75668.396
2508,Hungary,1999,76138.366
2509,Hungary,2000,73207.971
2510,Hungary,2001,75243.855
2511,Hungary,2002,73602.067
2512,Hungary,2003,76638.835
2513,Hungary,2004,75604.515
2514,Hungary,2005,75359.657
2515,Hungary,2006,74143.447
2516,Hungary,2007,72383.62
2517,Hungary,2008,70576.452
2518,Hungary,2009,64585.792
2519,Hungary,2010,64949.134
2520,Hungary,2011,63351.009
2521,Hungary,2012,59647.182
2522,Hungary,2013,56795.769
2523,Hungary,2014,57415.82
2524,Hungary,2015,60767.143
2525,Hungary,2016,61139.78
2526,Hungary,2017,63787.58
2750,Iceland,1990,3598.271
2751,Iceland,1991,3381.653
2752,Iceland,1992,3293.958
2753,Iceland,1993,3378.188
2754,Iceland,1994,3300.877
2755,Iceland,1995,3426.176
2756,Iceland,1996,3474.319
2757,Iceland,1997,3644.767
2758,Iceland,1998,3806.966
2759,Iceland,1999,4030.517
2760,Iceland,2000,4037.677
2761,Iceland,2001,3935.29
2762,Iceland,2002,4005.901
2763,Iceland,2003,3984.219
2764,Iceland,2004,4088.266
2765,Iceland,2005,3947.31
2766,Iceland,2006,4547.647
2767,Iceland,2007,4853.207
2768,Iceland,2008,5241.397
2769,Iceland,2009,4943.028
2770,Iceland,2010,4844.821
2771,Iceland,2011,4581.642
2772,Iceland,2012,4601.812
2773,Iceland,2013,4598.715
2774,Iceland,2014,4634.494
2775,Iceland,2015,4715.093
2776,Iceland,2016,4639.913
2777,Iceland,2017,4754.644
3002,Ireland,1990,55417.063
3003,Ireland,1991,56097.262
3004,Ireland,1992,55959.166
3005,Ireland,1993,56359.815
3006,Ireland,1994,57697.026
3007,Ireland,1995,59177.472
3008,Ireland,1996,61272.677
3009,Ireland,1997,62652.431
3010,Ireland,1998,65173.64
3011,Ireland,1999,66308.691
3012,Ireland,2000,68478.407
3013,Ireland,2001,70475.259
3014,Ireland,2002,68428.659
3015,Ireland,2003,68662.575
3016,Ireland,2004,67963.834
3017,Ireland,2005,69495.032
3018,Ireland,2006,68782.226
3019,Ireland,2007,68018.498
3020,Ireland,2008,67301.827
3021,Ireland,2009,61547.234
3022,Ireland,2010,61104.844
3023,Ireland,2011,56989.193
3024,Ireland,2012,57611.534
3025,Ireland,2013,57410.215
3026,Ireland,2014,57098.537
3027,Ireland,2015,59211.813
3028,Ireland,2016,61270.202
3029,Ireland,2017,60743.725
3254,Italy,1990,517745.653
3255,Italy,1991,518908.77
3256,Italy,1992,515451.153
3257,Italy,1993,509407.903
3258,Italy,1994,503474.646
3259,Italy,1995,532419.033
3260,Italy,1996,525294.648
3261,Italy,1997,531865.216
3262,Italy,1998,543114.437
3263,Italy,1999,548226.456
3264,Italy,2000,554105.749
3265,Italy,2001,561225.23
3266,Italy,2002,561242.991
3267,Italy,2003,575695.548
3268,Italy,2004,579999.234
3269,Italy,2005,580599.891
3270,Italy,2006,570044.72
3271,Italy,2007,560568.96
3272,Italy,2008,547846.689
3273,Italy,2009,496177.671
3274,Italy,2010,505773.047
3275,Italy,2011,492475.307
3276,Italy,2012,472722.356
3277,Italy,2013,442708.383
3278,Italy,2014,426211.75
3279,Italy,2015,434043.793
3280,Italy,2016,432119.011
3281,Italy,2017,427707.847
3506,Japan,1990,1270003.622
3507,Japan,1991,1283840.345
3508,Japan,1992,1296545.973
3509,Japan,1993,1289062.301
3510,Japan,1994,1353408.358
3511,Japan,1995,1374496.138
3512,Japan,1996,1387110.936
3513,Japan,1997,1379442.881
3514,Japan,1998,1330890.588
3515,Japan,1999,1354486.379
3516,Japan,2000,1374846.588
3517,Japan,2001,1349407.01
3518,Japan,2002,1373198
3519,Japan,2003,1379176.143
3520,Japan,2004,1371761.543
3521,Japan,2005,1378956.848
3522,Japan,2006,1357394.991
3523,Japan,2007,1393442.086
3524,Japan,2008,1321398.226
3525,Japan,2009,1248598.695
3526,Japan,2010,1302731.547
3527,Japan,2011,1353795.033
3528,Japan,2012,1396605.099
3529,Japan,2013,1408057.251
3530,Japan,2014,1360070.649
3531,Japan,2015,1321466.534
3532,Japan,2016,1305751.328
3533,Japan,2017,1289630.582
3758,Korea,1990,292939
3759,Korea,1991,316235
3760,Korea,1992,343147
3761,Korea,1993,378762
3762,Korea,1994,403832
3763,Korea,1995,437295
3764,Korea,1996,471119
3765,Korea,1997,500821
3766,Korea,1998,430226
3767,Korea,1999,468287
3768,Korea,2000,501430
3769,Korea,2001,514637
3770,Korea,2002,536010
3771,Korea,2003,546328
3772,Korea,2004,555171
3773,Korea,2005,559146
3774,Korea,2006,564456
3775,Korea,2007,579527
3776,Korea,2008,592709
3777,Korea,2009,597564
3778,Korea,2010,657428
3779,Korea,2011,682945
3780,Korea,2012,687126
3781,Korea,2013,696749
3782,Korea,2014,690944
3783,Korea,2015,692924
3784,Korea,2016,694066
4001,Luxembourg,1990,12756.376
4002,Luxembourg,1991,13404.09
4003,Luxembourg,1992,13132.852
4004,Luxembourg,1993,13287.474
4005,Luxembourg,1994,12466.21
4006,Luxembourg,1995,10093.178
4007,Luxembourg,1996,10154.556
4008,Luxembourg,1997,9504.707
4009,Luxembourg,1998,8626.68
4010,Luxembourg,1999,9092.591
4011,Luxembourg,2000,9678.139
4012,Luxembourg,2001,10165.429
4013,Luxembourg,2002,10941.889
4014,Luxembourg,2003,11380.837
4015,Luxembourg,2004,12783.081
4016,Luxembourg,2005,13024.764
4017,Luxembourg,2006,12852.453
4018,Luxembourg,2007,12267.328
4019,Luxembourg,2008,12153.882
4020,Luxembourg,2009,11607.673
4021,Luxembourg,2010,12180.078
4022,Luxembourg,2011,12061.974
4023,Luxembourg,2012,11781.298
4024,Luxembourg,2013,11238.613
4025,Luxembourg,2014,10786.88
4026,Luxembourg,2015,10294.939
4027,Luxembourg,2016,10051.955
4028,Luxembourg,2017,10236.084
4225,Mexico,1990,444741.575
4226,Mexico,1991,453231.869
4227,Mexico,1992,455133.315
4228,Mexico,1993,458498.731
4229,Mexico,1994,482721.509
4230,Mexico,1995,471385.13
4231,Mexico,1996,493529.774
4232,Mexico,1997,517909.703
4233,Mexico,1998,543847.606
4234,Mexico,1999,529229.895
4235,Mexico,2000,544660.103
4236,Mexico,2001,537610.978
4237,Mexico,2002,557652.412
4238,Mexico,2003,563298.299
4239,Mexico,2004,574316.756
4240,Mexico,2005,592587.216
4241,Mexico,2006,616361.7
4242,Mexico,2007,646665.303
4243,Mexico,2008,691822.339
4244,Mexico,2009,671577.378
4245,Mexico,2010,669084.029
4246,Mexico,2011,681190.359
4247,Mexico,2012,673721.904
4248,Mexico,2013,683120.592
4249,Mexico,2014,686159.5
4250,Mexico,2015,699564.266
4459,Netherlands,1990,220793.626
4460,Netherlands,1991,228440.893
4461,Netherlands,1992,229170.717
4462,Netherlands,1993,229929.207
4463,Netherlands,1994,230815.637
4464,Netherlands,1995,231011.589
4465,Netherlands,1996,242076.948
4466,Netherlands,1997,233882.3
4467,Netherlands,1998,234437.624
4468,Netherlands,1999,221104.558
4469,Netherlands,2000,219304.191
4470,Netherlands,2001,220007.279
4471,Netherlands,2002,217878.9
4472,Netherlands,2003,218563.745
4473,Netherlands,2004,219970.34
4474,Netherlands,2005,214308.461
4475,Netherlands,2006,209233.952
4476,Netherlands,2007,207700.182
4477,Netherlands,2008,207095.003
4478,Netherlands,2009,201412.673
4479,Netherlands,2010,213363.026
4480,Netherlands,2011,199235.364
4481,Netherlands,2012,195346.943
4482,Netherlands,2013,194953.949
4483,Netherlands,2014,187281.881
4484,Netherlands,2015,195560.414
4485,Netherlands,2016,195384.316
4486,Netherlands,2017,193259.922
4711,New Zealand,1990,65668.254
4712,New Zealand,1991,66490.877
4713,New Zealand,1992,67620.612
4714,New Zealand,1993,67383.421
4715,New Zealand,1994,68702.642
4716,New Zealand,1995,69411.764
4717,New Zealand,1996,71541.054
4718,New Zealand,1997,74327.057
4719,New Zealand,1998,72236.397
4720,New Zealand,1999,74082.614
4721,New Zealand,2000,76179.517
4722,New Zealand,2001,79102.958
4723,New Zealand,2002,79386.992
4724,New Zealand,2003,81590.528
4725,New Zealand,2004,81250.987
4726,New Zealand,2005,83270.227
4727,New Zealand,2006,83442.279
4728,New Zealand,2007,81325.401
4729,New Zealand,2008,81266.895
4730,New Zealand,2009,78477.27
4731,New Zealand,2010,78964.898
4732,New Zealand,2011,78679.12
4733,New Zealand,2012,81054.662
4734,New Zealand,2013,80540.662
4735,New Zealand,2014,81310.135
4736,New Zealand,2015,81202.023
4737,New Zealand,2016,79136.114
4738,New Zealand,2017,80853.468
4961,Norway,1990,51210.399
4962,Norway,1991,48975.863
4963,Norway,1992,47321.253
4964,Norway,1993,49153.955
4965,Norway,1994,50995.816
4966,Norway,1995,51278.315
4967,Norway,1996,54291.201
4968,Norway,1997,54222.099
4969,Norway,1998,54425.764
4970,Norway,1999,55365.36
4971,Norway,2000,54831.963
4972,Norway,2001,56117.814
4973,Norway,2002,55029.012
4974,Norway,2003,55694.303
4975,Norway,2004,56203.397
4976,Norway,2005,55366.869
4977,Norway,2006,55327.358
4978,Norway,2007,57013.372
4979,Norway,2008,55595.911
4980,Norway,2009,53178.49
4981,Norway,2010,55466.75
4982,Norway,2011,54638.046
4983,Norway,2012,54090.283
4984,Norway,2013,54015.24
4985,Norway,2014,54127.25
4986,Norway,2015,54450.031
4987,Norway,2016,53607.837
4988,Norway,2017,52712.543
5213,Poland,1990,474350.112
5214,Poland,1991,462290.209
5215,Poland,1992,449315.745
5216,Poland,1993,448829.5
5217,Poland,1994,443645.881
5218,Poland,1995,444963.245
5219,Poland,1996,458389.537
5220,Poland,1997,449500.94
5221,Poland,1998,417992.076
5222,Poland,1999,406559.569
5223,Poland,2000,395472.416
5224,Poland,2001,394370.742
5225,Poland,2002,384386.31
5226,Poland,2003,398004.613
5227,Poland,2004,403040.147
5228,Poland,2005,403424.419
5229,Poland,2006,418137.524
5230,Poland,2007,418633.151
5231,Poland,2008,411395.642
5232,Poland,2009,393443.182
5233,Poland,2010,411668.712
5234,Poland,2011,411033.612
5235,Poland,2012,403648.282
5236,Poland,2013,399974.183
5237,Poland,2014,387087.466
5238,Poland,2015,390444.595
5239,Poland,2016,399122.535
5240,Poland,2017,413781.401
5456,Portugal,1990,59091.598
5457,Portugal,1991,60795.846
5458,Portugal,1992,65086.347
5459,Portugal,1993,63669.569
5460,Portugal,1994,64535.956
5461,Portugal,1995,68927.375
5462,Portugal,1996,66652.411
5463,Portugal,1997,69943.258
5464,Portugal,1998,74682.237
5465,Portugal,1999,82757.75
5466,Portugal,2000,82081.959
5467,Portugal,2001,81689.752
5468,Portugal,2002,85600.833
5469,Portugal,2003,80266.192
5470,Portugal,2004,83348.684
5471,Portugal,2005,85610.351
5472,Portugal,2006,80855.01
5473,Portugal,2007,78574.829
5474,Portugal,2008,76157.326
5475,Portugal,2009,73032.489
5476,Portugal,2010,68800.683
5477,Portugal,2011,67416.853
5478,Portugal,2012,65556.088
5479,Portugal,2013,63710.727
5480,Portugal,2014,63708.929
5481,Portugal,2015,67735.408
5482,Portugal,2016,65935.728
5483,Portugal,2017,70546.297
5691,Slovak Republic,1990,73361.592
5692,Slovak Republic,1991,63969.61
5693,Slovak Republic,1992,58543.982
5694,Slovak Republic,1993,55034.441
5695,Slovak Republic,1994,52614.58
5696,Slovak Republic,1995,53212.042
5697,Slovak Republic,1996,53161.891
5698,Slovak Republic,1997,53023.209
5699,Slovak Republic,1998,52434.57
5700,Slovak Republic,1999,51135.393
5701,Slovak Republic,2000,49196.019
5702,Slovak Republic,2001,51474.964
5703,Slovak Republic,2002,50119.834
5704,Slovak Republic,2003,50423.818
5705,Slovak Republic,2004,51115.302
5706,Slovak Republic,2005,51142.215
5707,Slovak Republic,2006,51030.315
5708,Slovak Republic,2007,49243.411
5709,Slovak Republic,2008,49712.73
5710,Slovak Republic,2009,45429.066
5711,Slovak Republic,2010,46295.494
5712,Slovak Republic,2011,45545.21
5713,Slovak Republic,2012,43057.228
5714,Slovak Republic,2013,42727.14
5715,Slovak Republic,2014,40659.916
5716,Slovak Republic,2015,41644.663
5717,Slovak Republic,2016,42153.867
5718,Slovak Republic,2017,43316.448
5939,Spain,1990,288492.484
5940,Spain,1991,296204.039
5941,Spain,1992,305976.114
5942,Spain,1993,295737.621
5943,Spain,1994,312540.176
5944,Spain,1995,328614.074
5945,Spain,1996,320379.308
5946,Spain,1997,334703.802
5947,Spain,1998,344565.814
5948,Spain,1999,372043.268
5949,Spain,2000,387527.927
5950,Spain,2001,385240.586
5951,Spain,2002,403569.262
5952,Spain,2003,410975.148
5953,Spain,2004,426792.945
5954,Spain,2005,441038.21
5955,Spain,2006,434005.888
5956,Spain,2007,445157.524
5957,Spain,2008,411404.408
5958,Spain,2009,372107.49
5959,Spain,2010,357676.78
5960,Spain,2011,357344.003
5961,Spain,2012,350671.711
5962,Spain,2013,323441.196
5963,Spain,2014,326121
5964,Spain,2015,337598.745
5965,Spain,2016,326383.407
5966,Spain,2017,340230.876
6191,Sweden,1990,71303.68
6192,Sweden,1991,71481.926
6193,Sweden,1992,70923.025
6194,Sweden,1993,71192.34
6195,Sweden,1994,73570.955
6196,Sweden,1995,73287.202
6197,Sweden,1996,76893.861
6198,Sweden,1997,72137.14
6199,Sweden,1998,72496.34
6200,Sweden,1999,69631.22
6201,Sweden,2000,68482.627
6202,Sweden,2001,68853.733
6203,Sweden,2002,69791.149
6204,Sweden,2003,70211.601
6205,Sweden,2004,69319.207
6206,Sweden,2005,66587.267
6207,Sweden,2006,66536.133
6208,Sweden,2007,64935.639
6209,Sweden,2008,62566.497
6210,Sweden,2009,58340.457
6211,Sweden,2010,64282.221
6212,Sweden,2011,60207.287
6213,Sweden,2012,56872.55
6214,Sweden,2013,55366.277
6215,Sweden,2014,53831.574
6216,Sweden,2015,53460.575
6217,Sweden,2016,52942.814
6218,Sweden,2017,52660.267
6443,Switzerland,1990,53251.595
6444,Switzerland,1991,55116.565
6445,Switzerland,1992,54879.358
6446,Switzerland,1993,52324.574
6447,Switzerland,1994,51324.731
6448,Switzerland,1995,52188.897
6449,Switzerland,1996,52800.043
6450,Switzerland,1997,51609.555
6451,Switzerland,1998,53252.889
6452,Switzerland,1999,52975.637
6453,Switzerland,2000,52352.21
6454,Switzerland,2001,53893.457
6455,Switzerland,2002,52265.519
6456,Switzerland,2003,53400.853
6457,Switzerland,2004,54029.308
6458,Switzerland,2005,54714.178
6459,Switzerland,2006,54334.777
6460,Switzerland,2007,52441.789
6461,Switzerland,2008,53913.729
6462,Switzerland,2009,52562.466
6463,Switzerland,2010,54117.093
6464,Switzerland,2011,50028.65
6465,Switzerland,2012,51455.519
6466,Switzerland,2013,52229.405
6467,Switzerland,2014,48364.096
6468,Switzerland,2015,47815.882
6469,Switzerland,2016,48182.776
6470,Switzerland,2017,47158.963
6695,Turkey,1990,219201.694
6696,Turkey,1991,226578.188
6697,Turkey,1992,232801.913
6698,Turkey,1993,240148.979
6699,Turkey,1994,234126.675
6700,Turkey,1995,247584.905
6701,Turkey,1996,267232.257
6702,Turkey,1997,278606.563
6703,Turkey,1998,280288.338
6704,Turkey,1999,277758.548
6705,Turkey,2000,298889.947
6706,Turkey,2001,280410.863
6707,Turkey,2002,286072.834
6708,Turkey,2003,305596.127
6709,Turkey,2004,314951.025
6710,Turkey,2005,337212.68
6711,Turkey,2006,358154.98
6712,Turkey,2007,391422.846
6713,Turkey,2008,387593.327
6714,Turkey,2009,395515.458
6715,Turkey,2010,398660.533
6716,Turkey,2011,427571.905
6717,Turkey,2012,446935.087
6718,Turkey,2013,438968.822
6719,Turkey,2014,457961.868
6720,Turkey,2015,472190.81
6721,Turkey,2016,498468.939
6722,Turkey,2017,526252.988
6931,United Kingdom,1990,797947.891
6932,United Kingdom,1991,807118.944
6933,United Kingdom,1992,786249.386
6934,United Kingdom,1993,766960.717
6935,United Kingdom,1994,757971.58
6936,United Kingdom,1995,751272.369
6937,United Kingdom,1996,773285.546
6938,United Kingdom,1997,747861.873
6939,United Kingdom,1998,746499.571
6940,United Kingdom,1999,715996.756
6941,United Kingdom,2000,715687.11
6942,United Kingdom,2001,718693.019
6943,United Kingdom,2002,699148.15
6944,United Kingdom,2003,706205.017
6945,United Kingdom,2004,702933.154
6946,United Kingdom,2005,695164.991
6947,United Kingdom,2006,688015.337
6948,United Kingdom,2007,676322.436
6949,United Kingdom,2008,655903.39
6950,United Kingdom,2009,599870.776
6951,United Kingdom,2010,614360.615
6952,United Kingdom,2011,567160.785
6953,United Kingdom,2012,583652.53
6954,United Kingdom,2013,569901.739
6955,United Kingdom,2014,529502.806
6956,United Kingdom,2015,511980.26
6957,United Kingdom,2016,487034.986
6958,United Kingdom,2017,474346.119
7183,United States,1990,6371000.543
7184,United States,1991,6315615.194
7185,United States,1992,6424934.357
7186,United States,1993,6532069.596
7187,United States,1994,6624835.787
7188,United States,1995,6710067.297
7189,United States,1996,6907699.054
7190,United States,1997,6968461.971
7191,United States,1998,7032526.01
7192,United States,1999,7071461.457
7193,United States,2000,7232010.774
7194,United States,2001,7116810.082
7195,United States,2002,7156652.868
7196,United States,2003,7199262.662
7197,United States,2004,7333052.049
7198,United States,2005,7339039.869
7199,United States,2006,7270326.948
7200,United States,2007,7369967.706
7201,United States,2008,7160600.813
7202,United States,2009,6709369.145
7203,United States,2010,6938591.681
7204,United States,2011,6787419.028
7205,United States,2012,6545969.331
7206,United States,2013,6710218.175
7207,United States,2014,6759995.633
7208,United States,2015,6623775.479
7209,United States,2016,6492267.425
7210,United States,2017,6456718.193
7435,Chile,1990,52015.932
7436,Chile,1991,50681.026
7437,Chile,1992,52578.967
7438,Chile,1993,55432.308
7439,Chile,1994,58349.097
7440,Chile,1995,61452.138
7441,Chile,1996,67715.098
7442,Chile,1997,75203.286
7443,Chile,1998,76151.209
7444,Chile,1999,79278.889
7445,Chile,2000,76586.655
7446,Chile,2001,74731.673
7447,Chile,2002,76179.429
7448,Chile,2003,76956.024
7449,Chile,2004,82608.999
7450,Chile,2005,84333.73
7451,Chile,2006,85554.923
7452,Chile,2007,93655.963
7453,Chile,2008,94261.927
7454,Chile,2009,90886.579
7455,Chile,2010,91862.257
7456,Chile,2011,99861.19
7457,Chile,2012,104492.363
7458,Chile,2013,104304.348
7459,Chile,2014,101473.89
7460,Chile,2015,108243.312
7461,Chile,2016,111677.506
7678,Estonia,1990,40431.508
7679,Estonia,1991,37283.656
7680,Estonia,1992,27292.13
7681,Estonia,1993,21350.741
7682,Estonia,1994,22058.743
7683,Estonia,1995,20258.546
7684,Estonia,1996,20960.172
7685,Estonia,1997,20584.724
7686,Estonia,1998,18995.557
7687,Estonia,1999,17651.996
7688,Estonia,2000,17359.616
7689,Estonia,2001,17760.351
7690,Estonia,2002,17221.192
7691,Estonia,2003,19110.046
7692,Estonia,2004,19374.736
7693,Estonia,2005,19203.239
7694,Estonia,2006,18498.049
7695,Estonia,2007,22224.685
7696,Estonia,2008,20046.143
7697,Estonia,2009,16757.925
7698,Estonia,2010,21213.674
7699,Estonia,2011,21258.933
7700,Estonia,2012,20170.85
7701,Estonia,2013,21941.907
7702,Estonia,2014,21147.38
7703,Estonia,2015,18126.699
7704,Estonia,2016,19664.974
7705,Estonia,2017,20879.879
7902,Israel,1996,57653
7903,Israel,2000,67163
7904,Israel,2003,71447.592
7905,Israel,2004,71882.615
7906,Israel,2005,72400.331
7907,Israel,2006,73781.328
7908,Israel,2007,76930.178
7909,Israel,2008,78435.197
7910,Israel,2009,74568.173
7911,Israel,2010,77235.616
7912,Israel,2011,79187.523
7913,Israel,2012,85028.104
7914,Israel,2013,79568.917
7915,Israel,2014,76957.357
7916,Israel,2015,80600.538
7917,Israel,2016,79935.036
8009,Russia,1990,3186796.001
8010,Russia,1991,3024288.329
8011,Russia,1992,2537053.867
8012,Russia,1993,2399328.571
8013,Russia,1994,2137001.034
8014,Russia,1995,2084833.223
8015,Russia,1996,2029804.969
8016,Russia,1997,1912592.156
8017,Russia,1998,1879190.445
8018,Russia,1999,1904985.789
8019,Russia,2000,1900819.656
8020,Russia,2001,1941993.687
8021,Russia,2002,1923732.088
8022,Russia,2003,1958581.742
8023,Russia,2004,1973483.878
8024,Russia,2005,1993962.737
8025,Russia,2006,2056688.154
8026,Russia,2007,2058076.278
8027,Russia,2008,2097172.648
8028,Russia,2009,1960223.768
8029,Russia,2010,2057672.767
8030,Russia,2011,2120496.667
8031,Russia,2012,2146305.498
8032,Russia,2013,2090717.033
8033,Russia,2014,2089475.082
8034,Russia,2015,2093652.942
8035,Russia,2016,2097476.836
8036,Russia,2017,2155470.669
8261,Slovenia,1990,18639.285
8262,Slovenia,1991,17320.147
8263,Slovenia,1992,17419.116
8264,Slovenia,1993,17621.302
8265,Slovenia,1994,18025.281
8266,Slovenia,1995,18720.717
8267,Slovenia,1996,19355.668
8268,Slovenia,1997,19707.849
8269,Slovenia,1998,19464.376
8270,Slovenia,1999,18833.37
8271,Slovenia,2000,19075.523
8272,Slovenia,2001,19994.173
8273,Slovenia,2002,20175.998
8274,Slovenia,2003,19899.911
8275,Slovenia,2004,20217.008
8276,Slovenia,2005,20519.463
8277,Slovenia,2006,20707.174
8278,Slovenia,2007,20847.162
8279,Slovenia,2008,21572.751
8280,Slovenia,2009,19601.546
8281,Slovenia,2010,19625.913
8282,Slovenia,2011,19634.791
8283,Slovenia,2012,19062.286
8284,Slovenia,2013,18359.167
8285,Slovenia,2014,16625.556
8286,Slovenia,2015,16819.79
8287,Slovenia,2016,17681.281
8288,Slovenia,2017,17453.495
9095,Lithuania,1990,48213.472
9096,Lithuania,1991,50213.094
9097,Lithuania,1992,30935.261
9098,Lithuania,1993,24834.454
9099,Lithuania,1994,23378.432
9100,Lithuania,1995,22348.696
9101,Lithuania,1996,23373.074
9102,Lithuania,1997,22907.428
9103,Lithuania,1998,23844.274
9104,Lithuania,1999,21059.746
9105,Lithuania,2000,19503.273
9106,Lithuania,2001,20253.097
9107,Lithuania,2002,20648.056
9108,Lithuania,2003,20809.987
9109,Lithuania,2004,21645.034
9110,Lithuania,2005,22849.555
9111,Lithuania,2006,23141.982
9112,Lithuania,2007,25294.383
9113,Lithuania,2008,24321.859
9114,Lithuania,2009,19909.396
9115,Lithuania,2010,20728.508
9116,Lithuania,2011,21294.554
9117,Lithuania,2012,21228.985
9118,Lithuania,2013,19945.806
9119,Lithuania,2014,19907.759
9120,Lithuania,2015,20205.623
9121,Lithuania,2016,20186.466
9122,Lithuania,2017,20417.334
11440,Latvia,1990,26259.46
11441,Latvia,1991,24365.541
11442,Latvia,1992,19616.515
11443,Latvia,1993,16199.651
11444,Latvia,1994,14269.256
11445,Latvia,1995,12893.287
11446,Latvia,1996,12934.446
11447,Latvia,1997,12382.559
11448,Latvia,1998,11883.587
11449,Latvia,1999,11102.354
11450,Latvia,2000,10487.76
11451,Latvia,2001,11062.159
11452,Latvia,2002,11043.442
11453,Latvia,2003,11221.618
11454,Latvia,2004,11206.788
11455,Latvia,2005,11387.93
11456,Latvia,2006,11883.786
11457,Latvia,2007,12339.415
11458,Latvia,2008,11873.992
11459,Latvia,2009,11176.156
11460,Latvia,2010,12279.234
11461,Latvia,2011,11489.396
11462,Latvia,2012,11327.463
11463,Latvia,2013,11259.72
11464,Latvia,2014,11173.494
11465,Latvia,2015,11255.924
11466,Latvia,2016,11268.723
11467,Latvia,2017,11306.196
20946,Brazil,1990,573078.754
20947,Brazil,1991,592144.026
20948,Brazil,1992,601634.457
20949,Brazil,1993,614410.566
20950,Brazil,1994,633105.119
20951,Brazil,1995,660104.25
20952,Brazil,1996,664669.231
20953,Brazil,1997,689838.774
20954,Brazil,1998,709934.242
20955,Brazil,1999,729124.261
20956,Brazil,2000,756663.676
20957,Brazil,2001,775840.127
20958,Brazil,2002,791183.696
20959,Brazil,2003,811625.765
20960,Brazil,2004,846526.365
20961,Brazil,2005,863894.872
20962,Brazil,2006,881670.312
20963,Brazil,2007,881781.751
20964,Brazil,2008,910097.944
20965,Brazil,2009,890514.878
20966,Brazil,2010,954324.654
20967,Brazil,2011,991691
20968,Brazil,2012,1027739
21242,China (People's Republic of),1994,4057617
21243,China (People's Republic of),2005,7465861.7
21244,China (People's Republic of),2012,11895765
21293,Colombia,1990,94040.615
21294,Colombia,1991,97252.601
21295,Colombia,1992,102161.065
21296,Colombia,1993,103813.59
21297,Colombia,1994,105140.36
21298,Colombia,1995,106659.232
21299,Colombia,1996,109795.905
21300,Colombia,1997,114194.849
21301,Colombia,1998,113892.083
21302,Colombia,1999,108652.18
21303,Colombia,2000,110795.2
21304,Colombia,2001,109488.748
21305,Colombia,2002,109966.454
21306,Colombia,2003,113929.085
21307,Colombia,2004,117271.11
21308,Colombia,2005,122238.972
21309,Colombia,2006,130651.1
21310,Colombia,2007,131880.488
21311,Colombia,2008,130025.616
21312,Colombia,2009,137137.328
21313,Colombia,2010,138247.793
21314,Colombia,2011,133918.316
21315,Colombia,2012,139838.472
21316,Colombia,2013,147802.851
21317,Colombia,2014,150614.761
21743,Costa Rica,2005,10878.07
21744,Costa Rica,2010,12511.35
21745,Costa Rica,2012,13257.36
21782,India,1994,1214248
21783,India,2000,1523766.56
21784,India,2010,2100849.73
21833,Indonesia,2000,502363
21834,Indonesia,2001,537949
21835,Indonesia,2002,545911
21836,Indonesia,2003,559139
21837,Indonesia,2004,583101
21838,Indonesia,2005,590736
21839,Indonesia,2006,610242
21840,Indonesia,2007,607947
21841,Indonesia,2008,629710
21842,Indonesia,2009,628562
21843,Indonesia,2010,685711
21844,Indonesia,2011,726262
21845,Indonesia,2012,757250
21846,Indonesia,2013,796579
21847,Indonesia,2014,864948
21848,Indonesia,2015,907334
21849,Indonesia,2016,883224
22085,South Africa,1990,347349.4
22086,South Africa,1994,379837.2
31768,Argentina,1990,220240.771
31769,Argentina,1991,230413.756
31770,Argentina,1992,234122.379
31771,Argentina,1993,239560.142
31772,Argentina,1994,243598.693
31773,Argentina,1995,244499.373
31774,Argentina,1996,256463.932
31775,Argentina,1997,258303.62
31776,Argentina,1998,262725.063
31777,Argentina,1999,264637.841
31778,Argentina,2000,280308.986
31779,Argentina,2001,276902.595
31780,Argentina,2002,269315.644
31781,Argentina,2003,286381.632
31782,Argentina,2004,298167.359
31783,Argentina,2005,307492.666
31784,Argentina,2006,321462.033
31785,Argentina,2007,335854.126
31786,Argentina,2008,331802.165
31787,Argentina,2009,322554.23
31788,Argentina,2010,300695.19
31789,Argentina,2011,310314.526
31790,Argentina,2012,310670.242
31791,Argentina,2013,321011.892
31792,Argentina,2014,322554.612
