,Location,Time,PopTotal
9355,Argentina,1990,32618.648
9356,Argentina,1991,33079.002
9357,Argentina,1992,33529.32
9358,Argentina,1993,33970.103
9359,Argentina,1994,34402.669
9360,Argentina,1995,34828.168
9361,Argentina,1996,35246.376
9362,Argentina,1997,35657.438
9363,Argentina,1998,36063.451
9364,Argentina,1999,36467.218
9365,Argentina,2000,36870.796
9366,Argentina,2001,37275.644
9367,Argentina,2002,37681.743
9368,Argentina,2003,38087.866
9369,Argentina,2004,38491.97
9370,Argentina,2005,38892.924
9371,Argentina,2006,39289.876
9372,Argentina,2007,39684.303
9373,Argentina,2008,40080.159
9374,Argentina,2009,40482.786
9375,Argentina,2010,40895.751
9376,Argentina,2011,41320.497
9377,Argentina,2012,41755.188
9378,Argentina,2013,42196.034
9379,Argentina,2014,42637.508
9380,Argentina,2015,43075.416
9381,Argentina,2016,43508.459
9382,Argentina,2017,43937.143
13344,Australia,1990,16960.6
13345,Australia,1991,17189.235
13346,Australia,1992,17402.179
13347,Australia,1993,17603.211
13348,Australia,1994,17798.526
13349,Australia,1995,17993.083
13350,Australia,1996,18189.274
13351,Australia,1997,18387.205
13352,Australia,1998,18587.027
13353,Australia,1999,18788.187
13354,Australia,2000,18991.434
13355,Australia,2001,19194.676
13356,Australia,2002,19401.366
13357,Australia,2003,19624.163
13358,Australia,2004,19879.654
13359,Australia,2005,20178.543
13360,Australia,2006,20526.3
13361,Australia,2007,20916.339
13362,Australia,2008,21332.293
13363,Australia,2009,21750.852
13364,Australia,2010,22154.687
13365,Australia,2011,22538.002
13366,Australia,2012,22903.951
13367,Australia,2013,23254.912
13368,Australia,2014,23596.426
13369,Australia,2015,23932.499
13370,Australia,2016,24262.71
13371,Australia,2017,24584.619
15112,Austria,1990,7723.954
15113,Austria,1991,7772.698
15114,Austria,1992,7830.938
15115,Austria,1993,7892.089
15116,Austria,1994,7947.215
15117,Austria,1995,7990.113
15118,Austria,1996,8017.852
15119,Austria,1997,8032.873
15120,Austria,1998,8041.054
15121,Austria,1999,8051.116
15122,Austria,2000,8069.276
15123,Austria,2001,8097.755
15124,Austria,2002,8134.403
15125,Austria,2003,8175.855
15126,Austria,2004,8216.81
15127,Austria,2005,8253.656
15128,Austria,2006,8285.345
15129,Austria,2007,8313.731
15130,Austria,2008,8341.525
15131,Austria,2009,8372.658
15132,Austria,2010,8409.945
15133,Austria,2011,8453.501
15134,Austria,2012,8502.23
15135,Austria,2013,8556.191
15136,Austria,2014,8615.205
15137,Austria,2015,8678.667
15138,Austria,2016,8747.306
15139,Austria,2017,8819.902
21602,Belgium,1990,10006.545
21603,Belgium,1991,10039.45
21604,Belgium,1992,10078.098
21605,Belgium,1993,10118.684
21606,Belgium,1994,10155.909
21607,Belgium,1995,10186.304
21608,Belgium,1996,10208.265
21609,Belgium,1997,10223.785
21610,Belgium,1998,10237.298
21611,Belgium,1999,10255.161
21612,Belgium,2000,10282.046
21613,Belgium,2001,10319.026
21614,Belgium,2002,10364.879
21615,Belgium,2003,10419.029
21616,Belgium,2004,10480.118
21617,Belgium,2005,10546.885
21618,Belgium,2006,10619.484
21619,Belgium,2007,10697.576
21620,Belgium,2008,10778.764
21621,Belgium,2009,10859.934
21622,Belgium,2010,10938.735
21623,Belgium,2011,11013.86
21624,Belgium,2012,11085.355
21625,Belgium,2013,11154.008
21626,Belgium,2014,11221.225
21627,Belgium,2015,11287.931
21628,Belgium,2016,11354.407
21629,Belgium,2017,11419.752
30766,Brazil,1990,149003.225
30767,Brazil,1991,151648.007
30768,Brazil,1992,154259.382
30769,Brazil,1993,156849.086
30770,Brazil,1994,159432.717
30771,Brazil,1995,162019.889
30772,Brazil,1996,164614.682
30773,Brazil,1997,167209.046
30774,Brazil,1998,169785.253
30775,Brazil,1999,172318.674
30776,Brazil,2000,174790.339
30777,Brazil,2001,177196.051
30778,Brazil,2002,179537.523
30779,Brazil,2003,181809.244
30780,Brazil,2004,184006.479
30781,Brazil,2005,186127.108
30782,Brazil,2006,188167.353
30783,Brazil,2007,190130.445
30784,Brazil,2008,192030.362
30785,Brazil,2009,193886.505
30786,Brazil,2010,195713.637
30787,Brazil,2011,197514.541
30788,Brazil,2012,199287.292
30789,Brazil,2013,201035.904
30790,Brazil,2014,202763.744
30791,Brazil,2015,204471.759
30792,Brazil,2016,206163.056
30793,Brazil,2017,207833.825
38722,Canada,1990,27541.323
38723,Canada,1991,27888.813
38724,Canada,1992,28224.41
38725,Canada,1993,28547.964
38726,Canada,1994,28860.734
38727,Canada,1995,29164.153
38728,Canada,1996,29457.82
38729,Canada,1997,29742.378
38730,Canada,1998,30022.078
38731,Canada,1999,30302.511
38732,Canada,2000,30588.379
38733,Canada,2001,30880.072
38734,Canada,2002,31178.26
38735,Canada,2003,31488.046
38736,Canada,2004,31815.49
38737,Canada,2005,32164.313
38738,Canada,2006,32536.994
38739,Canada,2007,32930.795
38740,Canada,2008,33337.638
38741,Canada,2009,33746.093
38742,Canada,2010,34147.566
38743,Canada,2011,34539.156
38744,Canada,2012,34922.031
38745,Canada,2013,35296.535
38746,Canada,2014,35664.338
38747,Canada,2015,36026.668
38748,Canada,2016,36382.942
38749,Canada,2017,36732.091
46980,Chile,1990,13274.617
46981,Chile,1991,13495.255
46982,Chile,1992,13719.818
46983,Chile,1993,13944.934
46984,Chile,1994,14166.346
46985,Chile,1995,14380.864
46986,Chile,1996,14587.367
46987,Chile,1997,14786.227
46988,Chile,1998,14977.736
46989,Chile,1999,15162.801
46990,Chile,2000,15342.35
46991,Chile,2001,15516.112
46992,Chile,2002,15684.413
46993,Chile,2003,15849.649
46994,Chile,2004,16014.972
46995,Chile,2005,16182.713
46996,Chile,2006,16354.507
46997,Chile,2007,16530.201
46998,Chile,2008,16708.255
46999,Chile,2009,16886.184
47000,Chile,2010,17062.531
47001,Chile,2011,17233.584
47002,Chile,2012,17400.359
47003,Chile,2013,17571.511
47004,Chile,2014,17758.969
47005,Chile,2015,17969.356
47006,Chile,2016,18209.072
47007,Chile,2017,18470.435
47864,China,1990,1176883.681
47865,China,1991,1192897.277
47866,China,1992,1206711.243
47867,China,1993,1218817.059
47868,China,1994,1230020.026
47869,China,1995,1240920.539
47870,China,1996,1251636.178
47871,China,1997,1261996.017
47872,China,1998,1271982.349
47873,China,1999,1281514.833
47874,China,2000,1290550.767
47875,China,2001,1299129.747
47876,China,2002,1307352.256
47877,China,2003,1315303.522
47878,China,2004,1323084.639
47879,China,2005,1330776.38
47880,China,2006,1338408.644
47881,China,2007,1345993.891
47882,China,2008,1353569.48
47883,China,2009,1361169.41
47884,China,2010,1368810.604
47885,China,2011,1376497.633
47886,China,2012,1384206.408
47887,China,2013,1391883.335
47888,China,2014,1399453.966
47889,China,2015,1406847.868
47890,China,2016,1414049.353
47891,China,2017,1421021.794
51551,Colombia,1990,33102.569
51552,Colombia,1991,33758.328
51553,Colombia,1992,34422.568
51554,Colombia,1993,35091.272
51555,Colombia,1994,35758.978
51556,Colombia,1995,36421.438
51557,Colombia,1996,37076.387
51558,Colombia,1997,37723.803
51559,Colombia,1998,38364.307
51560,Colombia,1999,38999.468
51561,Colombia,2000,39629.965
51562,Colombia,2001,40255.956
51563,Colombia,2002,40875.363
51564,Colombia,2003,41483.872
51565,Colombia,2004,42075.953
51566,Colombia,2005,42647.731
51567,Colombia,2006,43200.901
51568,Colombia,2007,43737.512
51569,Colombia,2008,44254.972
51570,Colombia,2009,44750.054
51571,Colombia,2010,45222.699
51572,Colombia,2011,45662.747
51573,Colombia,2012,46075.721
51574,Colombia,2013,46495.492
51575,Colombia,2014,46967.706
51576,Colombia,2015,47520.667
51577,Colombia,2016,48175.048
51578,Colombia,2017,48909.844
56144,Costa Rica,1990,3119.436
56145,Costa Rica,1991,3202.083
56146,Costa Rica,1992,3286.525
56147,Costa Rica,1993,3372.298
56148,Costa Rica,1994,3458.829
56149,Costa Rica,1995,3545.524
56150,Costa Rica,1996,3632.361
56151,Costa Rica,1997,3718.952
56152,Costa Rica,1998,3803.893
56153,Costa Rica,1999,3885.428
56154,Costa Rica,2000,3962.369
56155,Costa Rica,2001,4034.074
56156,Costa Rica,2002,4100.922
56157,Costa Rica,2003,4164.053
56158,Costa Rica,2004,4225.156
56159,Costa Rica,2005,4285.504
56160,Costa Rica,2006,4345.421
56161,Costa Rica,2007,4404.626
56162,Costa Rica,2008,4463.123
56163,Costa Rica,2009,4520.739
56164,Costa Rica,2010,4577.371
56165,Costa Rica,2011,4633.086
56166,Costa Rica,2012,4688.003
56167,Costa Rica,2013,4742.111
56168,Costa Rica,2014,4795.39
56169,Costa Rica,2015,4847.805
56170,Costa Rica,2016,4899.336
56171,Costa Rica,2017,4949.955
61621,Czechia,1990,10340.877
61622,Czechia,1991,10346.458
61623,Czechia,1992,10353.021
61624,Czechia,1993,10358.694
61625,Czechia,1994,10360.964
61626,Czechia,1995,10358.19
61627,Czechia,1996,10350.302
61628,Czechia,1997,10338.346
61629,Czechia,1998,10323.244
61630,Czechia,1999,10306.404
61631,Czechia,2000,10289.374
61632,Czechia,2001,10271.019
61633,Czechia,2002,10252.264
61634,Czechia,2003,10239.131
61635,Czechia,2004,10239.444
61636,Czechia,2005,10258.165
61637,Czechia,2006,10298.609
61638,Czechia,2007,10357.535
61639,Czechia,2008,10425.267
61640,Czechia,2009,10488.155
61641,Czechia,2010,10536.514
61642,Czechia,2011,10566.512
61643,Czechia,2012,10581.302
61644,Czechia,2013,10586.529
61645,Czechia,2014,10591.104
61646,Czechia,2015,10601.39
61647,Czechia,2016,10618.868
61648,Czechia,2017,10641.032
65157,Denmark,1990,5141.117
65158,Denmark,1991,5154.906
65159,Denmark,1992,5171.654
65160,Denmark,1993,5190.745
65161,Denmark,1994,5211.334
65162,Denmark,1995,5232.709
65163,Denmark,1996,5254.857
65164,Denmark,1997,5277.713
65165,Denmark,1998,5300.38
65166,Denmark,1999,5321.771
65167,Denmark,2000,5341.192
65168,Denmark,2001,5358.059
65169,Denmark,2002,5372.798
65170,Denmark,2003,5386.968
65171,Denmark,2004,5402.754
65172,Denmark,2005,5421.701
65173,Denmark,2006,5444.293
65174,Denmark,2007,5469.92
65175,Denmark,2008,5497.731
65176,Denmark,2009,5526.389
65177,Denmark,2010,5554.849
65178,Denmark,2011,5582.98
65179,Denmark,2012,5610.909
65180,Denmark,2013,5638.152
65181,Denmark,2014,5664.199
65182,Denmark,2015,5688.695
65183,Denmark,2016,5711.346
65184,Denmark,2017,5732.277
83897,Estonia,1990,1565.246
83898,Estonia,1991,1548.22
83899,Estonia,1992,1520.811
83900,Estonia,1993,1488.06
83901,Estonia,1994,1457.09
83902,Estonia,1995,1433.026
83903,Estonia,1996,1417.741
83904,Estonia,1997,1409.678
83905,Estonia,1998,1406.35
83906,Estonia,1999,1403.784
83907,Estonia,2000,1399.111
83908,Estonia,2001,1391.739
83909,Estonia,2002,1382.737
83910,Estonia,2003,1372.904
83911,Estonia,2004,1363.57
83912,Estonia,2005,1355.65
83913,Estonia,2006,1349.373
83914,Estonia,2007,1344.295
83915,Estonia,2008,1340.067
83916,Estonia,2009,1336.14
83917,Estonia,2010,1332.103
83918,Estonia,2011,1327.701
83919,Estonia,2012,1323.163
83920,Estonia,2013,1319.068
83921,Estonia,2014,1316.273
83922,Estonia,2015,1315.33
83923,Estonia,2016,1316.507
83924,Estonia,2017,1319.389
92759,Finland,1990,4996.22
92760,Finland,1991,5019.134
92761,Finland,1992,5044.928
92762,Finland,1993,5071.782
92763,Finland,1994,5097.09
92764,Finland,1995,5119.012
92765,Finland,1996,5136.984
92766,Finland,1997,5151.74
92767,Finland,1998,5164.236
92768,Finland,1999,5175.921
92769,Finland,2000,5187.953
92770,Finland,2001,5200.475
92771,Finland,2002,5213.368
92772,Finland,2003,5227.106
92773,Finland,2004,5242.175
92774,Finland,2005,5258.933
92775,Finland,2006,5277.49
92776,Finland,2007,5297.741
92777,Finland,2008,5319.452
92778,Finland,2009,5342.266
92779,Finland,2010,5365.784
92780,Finland,2011,5390.036
92781,Finland,2012,5414.769
92782,Finland,2013,5438.984
92783,Finland,2014,5461.41
92784,Finland,2015,5481.128
92785,Finland,2016,5497.714
92786,Finland,2017,5511.372
93643,France,1990,56666.861
93644,France,1991,56913.58
93645,France,1992,57147.213
93646,France,1993,57370.375
93647,France,1994,57587.122
93648,France,1995,57801.887
93649,France,1996,58012.055
93650,France,1997,58220.657
93651,France,1998,58444.245
93652,France,1999,58704.381
93653,France,2000,59015.092
93654,France,2001,59384.126
93655,France,2002,59803.434
93656,France,2003,60251.591
93657,France,2004,60697.977
93658,France,2005,61120.128
93659,France,2006,61508.924
93660,France,2007,61869.229
93661,France,2008,62209.207
93662,France,2009,62542.883
93663,France,2010,62879.535
93664,France,2011,63222.229
93665,France,2012,63564.224
93666,France,2013,63893.521
93667,France,2014,64193.55
93668,France,2015,64453.194
93669,France,2016,64667.59
93670,France,2017,64842.513
99098,Germany,1990,79053.984
99099,Germany,1991,79490.831
99100,Germany,1992,79963.166
99101,Germany,1993,80428.557
99102,Germany,1994,80832.928
99103,Germany,1995,81138.653
99104,Germany,1996,81323.666
99105,Germany,1997,81399.25
99106,Germany,1998,81402.671
99107,Germany,1999,81389.935
99108,Germany,2000,81400.883
99109,Germany,2001,81453.894
99110,Germany,2002,81535.124
99111,Germany,2003,81614.371
99112,Germany,2004,81646.474
99113,Germany,2005,81602.739
99114,Germany,2006,81472.235
99115,Germany,2007,81277.836
99116,Germany,2008,81065.751
99117,Germany,2009,80899.961
99118,Germany,2010,80827.001
99119,Germany,2011,80855.629
99120,Germany,2012,80972.629
99121,Germany,2013,81174.373
99122,Germany,2014,81450.37
99123,Germany,2015,81787.411
99124,Germany,2016,82193.77
99125,Germany,2017,82658.409
101901,Greece,1990,10225.99
101902,Greece,1991,10315.109
101903,Greece,1992,10420.226
101904,Greece,1993,10533.811
101905,Greece,1994,10644.939
101906,Greece,1995,10745.502
101907,Greece,1996,10832.139
101908,Greece,1997,10906.248
101909,Greece,1998,10970.121
101910,Greece,1999,11027.899
101911,Greece,2000,11082.103
101912,Greece,2001,11134.447
101913,Greece,2002,11182.308
101914,Greece,2003,11218.879
101915,Greece,2004,11234.993
101916,Greece,2005,11224.8
101917,Greece,2006,11185.231
101918,Greece,2007,11120.371
101919,Greece,2008,11040.312
101920,Greece,2009,10959.268
101921,Greece,2010,10887.64
101922,Greece,2011,10829.074
101923,Greece,2012,10781.119
101924,Greece,2013,10740.501
101925,Greece,2014,10701.46
101926,Greece,2015,10659.737
101927,Greece,2016,10615.183
101928,Greece,2017,10569.449
114148,Hungary,1990,10377.135
114149,Hungary,1991,10363.05
114150,Hungary,1992,10358.622
114151,Hungary,1993,10359.052
114152,Hungary,1994,10357.586
114153,Hungary,1995,10349.308
114154,Hungary,1996,10332.451
114155,Hungary,1997,10308.479
114156,Hungary,1998,10279.61
114157,Hungary,1999,10249.407
114158,Hungary,2000,10220.509
114159,Hungary,2001,10193.451
114160,Hungary,2002,10167.286
114161,Hungary,2003,10141.341
114162,Hungary,2004,10114.481
114163,Hungary,2005,10085.942
114164,Hungary,2006,10055.657
114165,Hungary,2007,10024.158
114166,Hungary,2008,9991.867
114167,Hungary,2009,9959.439
114168,Hungary,2010,9927.38
114169,Hungary,2011,9895.689
114170,Hungary,2012,9864.363
114171,Hungary,2013,9833.923
114172,Hungary,2014,9804.991
114173,Hungary,2015,9777.925
114174,Hungary,2016,9752.97
114175,Hungary,2017,9729.822
115032,Iceland,1990,255.044
115033,Iceland,1991,257.616
115034,Iceland,1992,260.155
115035,Iceland,1993,262.65
115036,Iceland,1994,265.14
115037,Iceland,1995,267.627
115038,Iceland,1996,270.144
115039,Iceland,1997,272.709
115040,Iceland,1998,275.294
115041,Iceland,1999,277.868
115042,Iceland,2000,280.439
115043,Iceland,2001,282.91
115044,Iceland,2002,285.329
115045,Iceland,2003,287.955
115046,Iceland,2004,291.102
115047,Iceland,2005,294.976
115048,Iceland,2006,299.727
115049,Iceland,2007,305.181
115050,Iceland,2008,310.855
115051,Iceland,2009,316.057
115052,Iceland,2010,320.342
115053,Iceland,2011,323.471
115054,Iceland,2012,325.642
115055,Iceland,2013,327.194
115056,Iceland,2014,328.592
115057,Iceland,2015,330.237
115058,Iceland,2016,332.209
115059,Iceland,2017,334.395
115916,India,1990,873277.799
115917,India,1991,891273.202
115918,India,1992,909307.018
115919,India,1993,927403.866
115920,India,1994,945601.828
115921,India,1995,963922.586
115922,India,1996,982365.248
115923,India,1997,1000900.028
115924,India,1998,1019483.586
115925,India,1999,1038058.154
115926,India,2000,1056575.548
115927,India,2001,1075000.094
115928,India,2002,1093317.187
115929,India,2003,1111523.146
115930,India,2004,1129623.466
115931,India,2005,1147609.924
115932,India,2006,1165486.291
115933,India,2007,1183209.471
115934,India,2008,1200669.762
115935,India,2009,1217726.217
115936,India,2010,1234281.163
115937,India,2011,1250287.939
115938,India,2012,1265780.243
115939,India,2013,1280842.119
115940,India,2014,1295600.768
115941,India,2015,1310152.392
115942,India,2016,1324517.25
115943,India,2017,1338676.779
116800,Indonesia,1990,181413.398
116801,Indonesia,1991,184591.897
116802,Indonesia,1992,187739.786
116803,Indonesia,1993,190851.184
116804,Indonesia,1994,193917.458
116805,Indonesia,1995,196934.257
116806,Indonesia,1996,199901.231
116807,Indonesia,1997,202826.444
116808,Indonesia,1998,205724.597
116809,Indonesia,1999,208615.171
116810,Indonesia,2000,211513.822
116811,Indonesia,2001,214427.419
116812,Indonesia,2002,217357.79
116813,Indonesia,2003,220309.473
116814,Indonesia,2004,223285.666
116815,Indonesia,2005,226289.468
116816,Indonesia,2006,229318.262
116817,Indonesia,2007,232374.239
116818,Indonesia,2008,235469.755
116819,Indonesia,2009,238620.554
116820,Indonesia,2010,241834.226
116821,Indonesia,2011,245115.988
116822,Indonesia,2012,248451.714
116823,Indonesia,2013,251805.314
116824,Indonesia,2014,255128.076
116825,Indonesia,2015,258383.257
116826,Indonesia,2016,261556.386
116827,Indonesia,2017,264650.969
119452,Ireland,1990,3510.881
119453,Ireland,1991,3517.704
119454,Ireland,1992,3529.847
119455,Ireland,1993,3546.929
119456,Ireland,1994,3567.918
119457,Ireland,1995,3592.18
119458,Ireland,1996,3619.633
119459,Ireland,1997,3651.096
119460,Ireland,1998,3687.821
119461,Ireland,1999,3731.472
119462,Ireland,2000,3783.095
119463,Ireland,2001,3842.253
119464,Ireland,2002,3907.995
119465,Ireland,2003,3980.077
119466,Ireland,2004,4058.131
119467,Ireland,2005,4141.218
119468,Ireland,2006,4230.619
119469,Ireland,2007,4324.649
119470,Ireland,2008,4415.871
119471,Ireland,2009,4494.572
119472,Ireland,2010,4554.33
119473,Ireland,2011,4591.115
119474,Ireland,2012,4608.199
119475,Ireland,2013,4615.426
119476,Ireland,2014,4626.852
119477,Ireland,2015,4652.42
119478,Ireland,2016,4695.79
119479,Ireland,2017,4753.281
121220,Israel,1990,4448.348
121221,Israel,1991,4589.305
121222,Israel,1992,4752.826
121223,Israel,1993,4929.413
121224,Israel,1994,5105.571
121225,Israel,1995,5271.368
121226,Israel,1996,5424.241
121227,Israel,1997,5566.551
121228,Israel,1998,5699.279
121229,Israel,1999,5824.944
121230,Israel,2000,5945.949
121231,Israel,2001,6060.679
121232,Israel,2002,6169.311
121233,Israel,2003,6278.374
121234,Israel,2004,6396.511
121235,Israel,2005,6529.47
121236,Israel,2006,6680.641
121237,Israel,2007,6847.148
121238,Israel,2008,7020.832
121239,Israel,2009,7190.037
121240,Israel,2010,7346.446
121241,Israel,2011,7487.095
121242,Israel,2012,7614.946
121243,Israel,2013,7734.834
121244,Israel,2014,7854.216
121245,Israel,2015,7978.496
121246,Israel,2016,8108.984
121247,Israel,2017,8243.849
122104,Italy,1990,57048.237
122105,Italy,1991,57088.125
122106,Italy,1992,57145.308
122107,Italy,1993,57197.61
122108,Italy,1994,57213.538
122109,Italy,1995,57174.412
122110,Italy,1996,57065.231
122111,Italy,1997,56903.633
122112,Italy,1998,56742.755
122113,Italy,1999,56655.629
122114,Italy,2000,56692.178
122115,Italy,2001,56875.148
122116,Italy,2002,57182.521
122117,Italy,2003,57564.589
122118,Italy,2004,57948.421
122119,Italy,2005,58281.209
122120,Italy,2006,58542.619
122121,Italy,2007,58747.862
122122,Italy,2008,58922.116
122123,Italy,2009,59105.622
122124,Italy,2010,59325.232
122125,Italy,2011,59589.07
122126,Italy,2012,59879.469
122127,Italy,2013,60166.828
122128,Italy,2014,60409.622
122129,Italy,2015,60578.489
122130,Italy,2016,60663.068
122131,Italy,2017,60673.694
123872,Japan,1990,124505.243
123873,Japan,1991,124929.764
123874,Japan,1992,125331.3
123875,Japan,1993,125707.407
123876,Japan,1994,126053.127
123877,Japan,1995,126365.486
123878,Japan,1996,126644.099
123879,Japan,1997,126892.745
123880,Japan,1998,127117.436
123881,Japan,1999,127326.063
123882,Japan,2000,127524.168
123883,Japan,2001,127713.824
123884,Japan,2002,127893.075
123885,Japan,2003,128058.368
123886,Japan,2004,128204.183
123887,Japan,2005,128326.115
123888,Japan,2006,128422.74
123889,Japan,2007,128494.05
123890,Japan,2008,128538.644
123891,Japan,2009,128555.196
123892,Japan,2010,128542.349
123893,Japan,2011,128498.966
123894,Japan,2012,128423.571
123895,Japan,2013,128314.189
123896,Japan,2014,128168.63
123897,Japan,2015,127985.139
123898,Japan,2016,127763.267
123899,Japan,2017,127502.728
134804,Latvia,1990,2664.447
134805,Latvia,1991,2649.161
134806,Latvia,1992,2620.254
134807,Latvia,1993,2582.658
134808,Latvia,1994,2543.632
134809,Latvia,1995,2508.476
134810,Latvia,1996,2478.832
134811,Latvia,1997,2453.31
134812,Latvia,1998,2430.546
134813,Latvia,1999,2408.088
134814,Latvia,2000,2384.15
134815,Latvia,2001,2358.689
134816,Latvia,2002,2332.528
134817,Latvia,2003,2305.845
134818,Latvia,2004,2278.922
134819,Latvia,2005,2251.996
134820,Latvia,2006,2225.063
134821,Latvia,2007,2198.089
134822,Latvia,2008,2171.248
134823,Latvia,2009,2144.784
134824,Latvia,2010,2118.855
134825,Latvia,2011,2093.606
134826,Latvia,2012,2069.018
134827,Latvia,2013,2044.95
134828,Latvia,2014,2021.22
134829,Latvia,2015,1997.675
134830,Latvia,2016,1974.265
134831,Latvia,2017,1951.097
145003,Lithuania,1990,3696.035
145004,Lithuania,1991,3697.451
145005,Lithuania,1992,3688.103
145006,Lithuania,1993,3670.653
145007,Lithuania,1994,3649.142
145008,Lithuania,1995,3626.609
145009,Lithuania,1996,3603.756
145010,Lithuania,1997,3579.911
145011,Lithuania,1998,3555.14
145012,Lithuania,1999,3529.189
145013,Lithuania,2000,3501.842
145014,Lithuania,2001,3473.623
145015,Lithuania,2002,3444.777
145016,Lithuania,2003,3414.367
145017,Lithuania,2004,3381.134
145018,Lithuania,2005,3344.259
145019,Lithuania,2006,3303.329
145020,Lithuania,2007,3258.984
145021,Lithuania,2008,3212.867
145022,Lithuania,2009,3167.27
145023,Lithuania,2010,3123.825
145024,Lithuania,2011,3083.402
145025,Lithuania,2012,3045.561
145026,Lithuania,2013,3008.938
145027,Lithuania,2014,2971.498
145028,Lithuania,2015,2931.872
145029,Lithuania,2016,2889.555
145030,Lithuania,2017,2845.419
147655,Luxembourg,1990,381.78
147656,Luxembourg,1991,386.356
147657,Luxembourg,1992,391.397
147658,Luxembourg,1993,396.812
147659,Luxembourg,1994,402.435
147660,Luxembourg,1995,408.145
147661,Luxembourg,1996,413.999
147662,Luxembourg,1997,419.979
147663,Luxembourg,1998,425.828
147664,Luxembourg,1999,431.263
147665,Luxembourg,2000,436.106
147666,Luxembourg,2001,440.197
147667,Luxembourg,2002,443.727
147668,Luxembourg,2003,447.317
147669,Luxembourg,2004,451.822
147670,Luxembourg,2005,457.848
147671,Luxembourg,2006,465.611
147672,Luxembourg,2007,474.917
147673,Luxembourg,2008,485.403
147674,Luxembourg,2009,496.536
147675,Luxembourg,2010,507.89
147676,Luxembourg,2011,519.312
147677,Luxembourg,2012,530.855
147678,Luxembourg,2013,542.554
147679,Luxembourg,2014,554.512
147680,Luxembourg,2015,566.741
147681,Luxembourg,2016,579.266
147682,Luxembourg,2017,591.914
159147,Mexico,1990,83943.135
159148,Mexico,1991,85512.621
159149,Mexico,1992,87075.136
159150,Mexico,1993,88625.44
159151,Mexico,1994,90156.396
159152,Mexico,1995,91663.29
159153,Mexico,1996,93147.045
159154,Mexico,1997,94611.008
159155,Mexico,1998,96056.313
159156,Mexico,1999,97484.823
159157,Mexico,2000,98899.845
159158,Mexico,2001,100298.152
159159,Mexico,2002,101684.764
159160,Mexico,2003,103081.02
159161,Mexico,2004,104514.934
159162,Mexico,2005,106005.199
159163,Mexico,2006,107560.155
159164,Mexico,2007,109170.503
159165,Mexico,2008,110815.272
159166,Mexico,2009,112463.886
159167,Mexico,2010,114092.961
159168,Mexico,2011,115695.468
159169,Mexico,2012,117274.156
159170,Mexico,2013,118827.158
159171,Mexico,2014,120355.137
159172,Mexico,2015,121858.251
159173,Mexico,2016,123333.379
159174,Mexico,2017,124777.326
173895,Netherlands,1990,14965.442
173896,Netherlands,1991,15064.522
173897,Netherlands,1992,15165.856
173898,Netherlands,1993,15268.005
173899,Netherlands,1994,15369.121
173900,Netherlands,1995,15467.852
173901,Netherlands,1996,15563.252
173902,Netherlands,1997,15655.482
173903,Netherlands,1998,15745.65
173904,Netherlands,1999,15835.525
173905,Netherlands,2000,15926.188
173906,Netherlands,2001,16018.112
173907,Netherlands,2002,16110.355
173908,Netherlands,2003,16200.948
173909,Netherlands,2004,16287.183
173910,Netherlands,2005,16367.153
173911,Netherlands,2006,16440.091
173912,Netherlands,2007,16506.652
173913,Netherlands,2008,16568.105
173914,Netherlands,2009,16626.379
173915,Netherlands,2010,16682.927
173916,Netherlands,2011,16738.191
173917,Netherlands,2012,16791.85
173918,Netherlands,2013,16843.512
173919,Netherlands,2014,16892.517
173920,Netherlands,2015,16938.492
173921,Netherlands,2016,16981.285
173922,Netherlands,2017,17021.343
175965,New Zealand,1990,3398.175
175966,New Zealand,1991,3446.171
175967,New Zealand,1992,3503.194
175968,New Zealand,1993,3564.473
175969,New Zealand,1994,3623.272
175970,New Zealand,1995,3674.94
175971,New Zealand,1996,3717.352
175972,New Zealand,1997,3752.355
175973,New Zealand,1998,3783.976
175974,New Zealand,1999,3818.128
175975,New Zealand,2000,3858.992
175976,New Zealand,2001,3907.941
175977,New Zealand,2002,3963.202
175978,New Zealand,2003,4022.074
175979,New Zealand,2004,4080.421
175980,New Zealand,2005,4135.353
175981,New Zealand,2006,4185.882
175982,New Zealand,2007,4233.046
175983,New Zealand,2008,4278.156
175984,New Zealand,2009,4323.338
175985,New Zealand,2010,4370.06
175986,New Zealand,2011,4418.674
175987,New Zealand,2012,4468.462
175988,New Zealand,2013,4518.519
175989,New Zealand,2014,4567.522
175990,New Zealand,2015,4614.527
175991,New Zealand,2016,4659.265
175992,New Zealand,2017,4702.029
188061,Norway,1990,4247.286
188062,Norway,1991,4269.465
188063,Norway,1992,4292.685
188064,Norway,1993,4316.79
188065,Norway,1994,4341.616
188066,Norway,1995,4366.996
188067,Norway,1996,4393.217
188068,Norway,1997,4420.266
188069,Norway,1998,4447.485
188070,Norway,1999,4474.008
188071,Norway,2000,4499.375
188072,Norway,2001,4523.139
188073,Norway,2002,4546.017
188074,Norway,2003,4570.096
188075,Norway,2004,4598.21
188076,Norway,2005,4632.359
188077,Norway,2006,4672.986
188078,Norway,2007,4719.403
188079,Norway,2008,4771.014
188080,Norway,2009,4826.847
188081,Norway,2010,4885.878
188082,Norway,2011,4948.335
188083,Norway,2012,5013.716
188084,Norway,2013,5079.46
188085,Norway,2014,5142.269
188086,Norway,2015,5199.827
188087,Norway,2016,5250.95
188088,Norway,2017,5296.324
198540,Poland,1990,37960.193
198541,Poland,1991,38082.94
198542,Poland,1992,38197.588
198543,Poland,1993,38301.349
198544,Poland,1994,38389.469
198545,Poland,1995,38458.642
198546,Poland,1996,38509.672
198547,Poland,1997,38544.838
198548,Poland,1998,38564.191
198549,Poland,1999,38567.868
198550,Poland,2000,38556.699
198551,Poland,2001,38529.585
198552,Poland,2002,38488.64
198553,Poland,2003,38441.821
198554,Poland,2004,38399.553
198555,Poland,2005,38368.957
198556,Poland,2006,38354.447
198557,Poland,2007,38353.339
198558,Poland,2008,38356.786
198559,Poland,2009,38351.924
198560,Poland,2010,38329.784
198561,Poland,2011,38286.824
198562,Poland,2012,38227.033
198563,Poland,2013,38158.043
198564,Poland,2014,38091.095
198565,Poland,2015,38034.076
198566,Poland,2016,37989.218
198567,Poland,2017,37953.176
200308,Portugal,1990,9895.358
200309,Portugal,1991,9916.052
200310,Portugal,1992,9951.305
200311,Portugal,1993,9996.642
200312,Portugal,1994,10045.032
200313,Portugal,1995,10091.322
200314,Portugal,1996,10134.016
200315,Portugal,1997,10174.564
200316,Portugal,1998,10214.046
200317,Portugal,1999,10254.501
200318,Portugal,2000,10297.117
200319,Portugal,2001,10341.456
200320,Portugal,2002,10385.993
200321,Portugal,2003,10429.615
200322,Portugal,2004,10470.926
200323,Portugal,2005,10508.494
200324,Portugal,2006,10542.837
200325,Portugal,2007,10573.15
200326,Portugal,2008,10595.312
200327,Portugal,2009,10604.066
200328,Portugal,2010,10596.055
200329,Portugal,2011,10569.388
200330,Portugal,2012,10526.308
200331,Portugal,2013,10473.025
200332,Portugal,2014,10418.224
200333,Portugal,2015,10368.346
200334,Portugal,2016,10325.54
200335,Portugal,2017,10288.527
202960,Republic of Korea,1990,42918.416
202961,Republic of Korea,1991,43373.148
202962,Republic of Korea,1992,43848.223
202963,Republic of Korea,1993,44335.037
202964,Republic of Korea,1994,44820.07
202965,Republic of Korea,1995,45292.521
202966,Republic of Korea,1996,45751.023
202967,Republic of Korea,1997,46196.056
202968,Republic of Korea,1998,46620.698
202969,Republic of Korea,1999,47016.952
202970,Republic of Korea,2000,47379.237
202971,Republic of Korea,2001,47706.226
202972,Republic of Korea,2002,47999.551
202973,Republic of Korea,2003,48260.901
202974,Republic of Korea,2004,48493.434
202975,Republic of Korea,2005,48701.069
202976,Republic of Korea,2006,48880.449
202977,Republic of Korea,2007,49034.813
202978,Republic of Korea,2008,49182.458
202979,Republic of Korea,2009,49347.45
202980,Republic of Korea,2010,49545.638
202981,Republic of Korea,2011,49786.153
202982,Republic of Korea,2012,50060.639
202983,Republic of Korea,2013,50345.72
202984,Republic of Korea,2014,50607.904
202985,Republic of Korea,2015,50823.087
202986,Republic of Korea,2016,50983.446
202987,Republic of Korea,2017,51096.408
205612,Russian Federation,1990,147531.562
205613,Russian Federation,1991,147995.584
205614,Russian Federation,1992,148268.576
205615,Russian Federation,1993,148373.584
205616,Russian Federation,1994,148349.443
205617,Russian Federation,1995,148227.471
205618,Russian Federation,1996,148020.852
205619,Russian Federation,1997,147730.02
205620,Russian Federation,1998,147360.613
205621,Russian Federation,1999,146915.915
205622,Russian Federation,2000,146404.89
205623,Russian Federation,2001,145830.726
205624,Russian Federation,2002,145215.707
205625,Russian Federation,2003,144610.876
205626,Russian Federation,2004,144080.649
205627,Russian Federation,2005,143672.125
205628,Russian Federation,2006,143403.258
205629,Russian Federation,2007,143266.207
205630,Russian Federation,2008,143248.764
205631,Russian Federation,2009,143326.904
205632,Russian Federation,2010,143479.273
205633,Russian Federation,2011,143703.027
205634,Russian Federation,2012,143993.888
205635,Russian Federation,2013,144325.456
205636,Russian Federation,2014,144664.837
205637,Russian Federation,2015,144985.059
205638,Russian Federation,2016,145275.374
205639,Russian Federation,2017,145530.091
223896,Slovakia,1990,5288.455
223897,Slovakia,1991,5309.229
223898,Slovakia,1992,5329.029
223899,Slovakia,1993,5347.212
223900,Slovakia,1994,5362.894
223901,Slovakia,1995,5375.47
223902,Slovakia,1996,5384.792
223903,Slovakia,1997,5391.202
223904,Slovakia,1998,5395.253
223905,Slovakia,1999,5397.709
223906,Slovakia,2000,5399.207
223907,Slovakia,2001,5399.995
223908,Slovakia,2002,5400.124
223909,Slovakia,2003,5399.844
223910,Slovakia,2004,5399.374
223911,Slovakia,2005,5398.962
223912,Slovakia,2006,5398.674
223913,Slovakia,2007,5398.693
223914,Slovakia,2008,5399.362
223915,Slovakia,2009,5401.149
223916,Slovakia,2010,5404.293
223917,Slovakia,2011,5408.932
223918,Slovakia,2012,5414.894
223919,Slovakia,2013,5421.721
223920,Slovakia,2014,5428.798
223921,Slovakia,2015,5435.614
223922,Slovakia,2016,5442.001
223923,Slovakia,2017,5447.903
224780,Slovenia,1990,2006.404
224781,Slovenia,1991,2007.78
224782,Slovenia,1992,2005.352
224783,Slovenia,1993,2000.56
224784,Slovenia,1994,1995.326
224785,Slovenia,1995,1991.126
224786,Slovenia,1996,1988.58
224787,Slovenia,1997,1987.457
224788,Slovenia,1998,1987.384
224789,Slovenia,1999,1987.625
224790,Slovenia,2000,1987.71
224791,Slovenia,2001,1987.457
224792,Slovenia,2002,1987.265
224793,Slovenia,2003,1987.855
224794,Slovenia,2004,1990.226
224795,Slovenia,2005,1994.979
224796,Slovenia,2006,2002.427
224797,Slovenia,2007,2012.128
224798,Slovenia,2008,2023.049
224799,Slovenia,2009,2033.807
224800,Slovenia,2010,2043.336
224801,Slovenia,2011,2051.278
224802,Slovenia,2012,2057.826
224803,Slovenia,2013,2063.12
224804,Slovenia,2014,2067.488
224805,Slovenia,2015,2071.199
224806,Slovenia,2016,2074.205
224807,Slovenia,2017,2076.395
228316,South Africa,1990,36800.507
228317,South Africa,1991,37718.952
228318,South Africa,1992,38672.611
228319,South Africa,1993,39633.754
228320,South Africa,1994,40564.061
228321,South Africa,1995,41435.761
228322,South Africa,1996,42241.007
228323,South Africa,1997,42987.456
228324,South Africa,1998,43682.259
228325,South Africa,1999,44338.551
228326,South Africa,2000,44967.713
228327,South Africa,2001,45571.272
228328,South Africa,2002,46150.913
228329,South Africa,2003,46719.203
228330,South Africa,2004,47291.61
228331,South Africa,2005,47880.595
228332,South Africa,2006,48489.464
228333,South Africa,2007,49119.766
228334,South Africa,2008,49779.472
228335,South Africa,2009,50477.013
228336,South Africa,2010,51216.967
228337,South Africa,2011,52003.759
228338,South Africa,2012,52832.659
228339,South Africa,2013,53687.125
228340,South Africa,2014,54544.184
228341,South Africa,2015,55386.369
228342,South Africa,2016,56207.649
228343,South Africa,2017,57009.751
234957,Spain,1990,39202.524
234958,Spain,1991,39299.081
234959,Spain,1992,39410.852
234960,Spain,1993,39533.726
234961,Spain,1994,39660.079
234962,Spain,1995,39787.413
234963,Spain,1996,39908.962
234964,Spain,1997,40035.286
234965,Spain,1998,40201.561
234966,Spain,1999,40454.472
234967,Spain,2000,40824.745
234968,Spain,2001,41319.431
234969,Spain,2002,41919.593
234970,Spain,2003,42596.455
234971,Spain,2004,43308.345
234972,Spain,2005,44019.118
234973,Spain,2006,44728.561
234974,Spain,2007,45429.071
234975,Spain,2008,46068.811
234976,Spain,2009,46583.566
234977,Spain,2010,46931.011
234978,Spain,2011,47084.242
234979,Spain,2012,47063.059
234980,Spain,2013,46930.554
234981,Spain,2014,46777.927
234982,Spain,2015,46671.919
234983,Spain,2016,46634.131
234984,Spain,2017,46647.425
240261,Sweden,1990,8567.375
240262,Sweden,1991,8625.14
240263,Sweden,1992,8686.735
240264,Sweden,1993,8746.77
240265,Sweden,1994,8798.235
240266,Sweden,1995,8836.421
240267,Sweden,1996,8859.18
240268,Sweden,1997,8868.857
240269,Sweden,1998,8870.854
240270,Sweden,1999,8873.105
240271,Sweden,2000,8881.642
240272,Sweden,2001,8897.802
240273,Sweden,2002,8920.703
240274,Sweden,2003,8951.439
240275,Sweden,2004,8990.653
240276,Sweden,2005,9038.627
240277,Sweden,2006,9096.17
240278,Sweden,2007,9162.941
240279,Sweden,2008,9236.433
240280,Sweden,2009,9313.085
240281,Sweden,2010,9390.157
240282,Sweden,2011,9466.705
240283,Sweden,2012,9542.817
240284,Sweden,2013,9618.016
240285,Sweden,2014,9692.137
240286,Sweden,2015,9764.949
240287,Sweden,2016,9836.003
240288,Sweden,2017,9904.895
241145,Switzerland,1990,6652.873
241146,Switzerland,1991,6718.818
241147,Switzerland,1992,6792.906
241148,Switzerland,1993,6868.937
241149,Switzerland,1994,6938.407
241150,Switzerland,1995,6995.519
241151,Switzerland,1996,7038.027
241152,Switzerland,1997,7068.503
241153,Switzerland,1998,7091.775
241154,Switzerland,1999,7115.031
241155,Switzerland,2000,7143.764
241156,Switzerland,2001,7179.174
241157,Switzerland,2002,7220.378
241158,Switzerland,2003,7268.363
241159,Switzerland,2004,7323.728
241160,Switzerland,2005,7386.818
241161,Switzerland,2006,7457.961
241162,Switzerland,2007,7536.986
241163,Switzerland,2008,7622.826
241164,Switzerland,2009,7713.902
241165,Switzerland,2010,7808.674
241166,Switzerland,2011,7906.988
241167,Switzerland,2012,8008.006
241168,Switzerland,2013,8108.876
241169,Switzerland,2014,8206.003
241170,Switzerland,2015,8296.775
241171,Switzerland,2016,8379.915
241172,Switzerland,2017,8455.797
249985,Turkey,1990,53921.758
249986,Turkey,1991,54840.595
249987,Turkey,1992,55748.946
249988,Turkey,1993,56653.808
249989,Turkey,1994,57564.209
249990,Turkey,1995,58486.453
249991,Turkey,1996,59423.278
249992,Turkey,1997,60372.571
249993,Turkey,1998,61329.665
249994,Turkey,1999,62287.391
249995,Turkey,2000,63240.196
249996,Turkey,2001,64192.243
249997,Turkey,2002,65145.357
249998,Turkey,2003,66089.402
249999,Turkey,2004,67010.93
250000,Turkey,2005,67903.461
250001,Turkey,2006,68756.809
250002,Turkey,2007,69581.854
250003,Turkey,2008,70418.612
250004,Turkey,2009,71321.406
250005,Turkey,2010,72326.992
250006,Turkey,2011,73443.254
250007,Turkey,2012,74651.046
250008,Turkey,2013,75925.454
250009,Turkey,2014,77229.262
250010,Turkey,2015,78529.413
250011,Turkey,2016,79827.868
250012,Turkey,2017,81116.451
260854,United Kingdom,1990,57134.377
260855,United Kingdom,1991,57290.792
260856,United Kingdom,1992,57446.041
260857,United Kingdom,1993,57602.279
260858,United Kingdom,1994,57763.382
260859,United Kingdom,1995,57932.45
260860,United Kingdom,1996,58113.554
260861,United Kingdom,1997,58307.32
260862,United Kingdom,1998,58509.972
260863,United Kingdom,1999,58715.859
260864,United Kingdom,2000,58923.305
260865,United Kingdom,2001,59124.277
260866,United Kingdom,2002,59326.294
260867,United Kingdom,2003,59561.429
260868,United Kingdom,2004,59872.76
260869,United Kingdom,2005,60287.953
260870,United Kingdom,2006,60821.349
260871,United Kingdom,2007,61455.154
260872,United Kingdom,2008,62145.098
260873,United Kingdom,2009,62828.62
260874,United Kingdom,2010,63459.801
260875,United Kingdom,2011,64021.922
260876,United Kingdom,2012,64525.3
260877,United Kingdom,2013,64984.015
260878,United Kingdom,2014,65423.048
260879,United Kingdom,2015,65860.149
260880,United Kingdom,2016,66297.944
260881,United Kingdom,2017,66727.463
265145,United States of America (and dependencies),1990,255850.815
265146,United States of America (and dependencies),1991,258307.611
265147,United States of America (and dependencies),1992,260797.54
265148,United States of America (and dependencies),1993,263377.931
265149,United States of America (and dependencies),1994,266124.918
265150,United States of America (and dependencies),1995,269083.409
265151,United States of America (and dependencies),1996,272288.834
265152,United States of America (and dependencies),1997,275699.429
265153,United States of America (and dependencies),1998,279188.985
265154,United States of America (and dependencies),1999,282583.19
265155,United States of America (and dependencies),2000,285759.191
265156,United States of America (and dependencies),2001,288660.199
265157,United States of America (and dependencies),2002,291326.851
265158,United States of America (and dependencies),2003,293852.753
265159,United States of America (and dependencies),2004,296379.786
265160,United States of America (and dependencies),2005,299007.705
265161,United States of America (and dependencies),2006,301763.87
265162,United States of America (and dependencies),2007,304604.314
265163,United States of America (and dependencies),2008,307471.953
265164,United States of America (and dependencies),2009,310280.614
265165,United States of America (and dependencies),2010,312966.891
265166,United States of America (and dependencies),2011,315519.165
265167,United States of America (and dependencies),2012,317955.944
265168,United States of America (and dependencies),2013,320280.626
265169,United States of America (and dependencies),2014,322504.295
265170,United States of America (and dependencies),2015,324638.21
265171,United States of America (and dependencies),2016,326678.816
265172,United States of America (and dependencies),2017,328629.63
